model,label,size,prompt_id,seed,steps,scheduler,wall_seconds,conditioning_seconds,sampling_seconds,decoding_seconds,image
z-image,512-warmup0,512,server,41,8,discrete,38.019402696001634,3.17,31.77,3.01,z-image-512-warmup0.png
z-image,512-repeat1,512,server,42,8,discrete,28.82498537399806,0.0,26.4,2.35,z-image-512-repeat1.png
z-image,512-repeat2,512,server,43,8,discrete,28.785941910002293,0.0,26.35,2.37,z-image-512-repeat2.png
z-image,512-repeat3,512,server,44,8,discrete,28.808317717997852,0.0,26.38,2.35,z-image-512-repeat3.png
z-image,1024-warmup0,1024,server,41,8,discrete,124.12029826499929,0.19,111.04,12.61,z-image-1024-warmup0.png
z-image,1024-repeat1,1024,server,42,8,discrete,123.88562789500065,0.0,110.99,12.61,z-image-1024-repeat1.png
z-image,1024-repeat2,1024,server,43,8,discrete,123.86632150100195,0.0,110.99,12.59,z-image-1024-repeat2.png
z-image,1024-repeat3,1024,server,44,8,discrete,123.87095624799986,0.0,110.99,12.6,z-image-1024-repeat3.png
z-image,1024-dungeon,1024,dungeon,42,8,discrete,124.09146729500208,0.19,110.98,12.61,z-image-1024-dungeon.png
z-image,1024-hands,1024,hands,42,8,discrete,124.0587551949975,0.19,110.97,12.61,z-image-1024-hands.png
klein,512-warmup0,512,server,41,4,flux2,23.016368935001083,3.65,16.42,2.87,klein-512-warmup0.png
klein,512-repeat1,512,server,42,4,flux2,12.90119051900183,0.01,10.46,2.37,klein-512-repeat1.png
klein,512-repeat2,512,server,43,4,flux2,12.875758005000534,0.01,10.44,2.36,klein-512-repeat2.png
klein,512-repeat3,512,server,44,4,flux2,12.864835506999952,0.01,10.43,2.35,klein-512-repeat3.png
klein,1024-warmup0,1024,server,41,4,flux2,48.643072824997944,0.93,34.81,12.63,klein-1024-warmup0.png
klein,1024-repeat1,1024,server,42,4,flux2,47.717518653997104,0.02,34.79,12.64,klein-1024-repeat1.png
klein,1024-repeat2,1024,server,43,4,flux2,47.68951958800244,0.01,34.78,12.63,klein-1024-repeat2.png
klein,1024-repeat3,1024,server,44,4,flux2,47.67575883400059,0.02,34.74,12.63,klein-1024-repeat3.png
klein,1024-dungeon,1024,dungeon,42,4,flux2,48.60213760399711,0.94,34.74,12.63,klein-1024-dungeon.png
klein,1024-hands,1024,hands,42,4,flux2,48.574866735001706,0.94,34.74,12.63,klein-1024-hands.png
